{
	"format_version": "1.8.0",
	"animations": {
		"idle": {
			"loop": true
		},
		"use_halberd": {
			"loop": true,
			"animation_length": 1.75,
			"bones": {
				"Waist": {
					"rotation": {
						"0.0": [0, 0, 0],
						"0.4167": [0, 20, 0],
						"0.5": [0, 21.25, 0],
						"0.625": [0, 20, 0],
						"0.7917": [0, -20, 0],
						"1.25": [0, -20, 0],
						"1.4167": [0, -20, 0],
						"1.75": [0, 0, 0]
					},
					"position": {
						"0.0": [0, 0, 0],
						"0.4167": [0, -1, 5],
						"0.5": [0, -1.06, 5.31],
						"0.625": [0, -1, 5],
						"0.7917": [0, -1, -5],
						"0.9167": ["math.sin(query.anim_time*1500)*0.5", "-1+math.sin(query.anim_time*1500)*0.5", -5],
						"1.0": [0, -1, -5],
						"1.25": [0, -1, -5],
						"1.4167": [0, -1, -5],
						"1.75": [0, 0, 0]
					}
				},
				"Body": {
					"rotation": {
						"0.0": [0, 0, 0],
						"0.4167": [-12.93, 39.35, -7.4],
						"0.5": [-13.74, 41.81, -7.86],
						"0.625": [-12.93, 39.35, -7.4],
						"0.7917": [27.23, -32.81, -29.25],
						"0.9167": [29.17, -37.65, -30.11],
						"1.0833": [27.23, -32.81, -29.25],
						"1.25": [27.23, -32.81, -29.25],
						"1.4167": [27.23, -32.81, -29.25],
						"1.75": [0, 0, 0]
					}
				},
				"Neck": {
					"rotation": {
						"0.0": [0, 0, 0],
						"0.4583": [15, -20, 0],
						"0.5417": [15.94, -21.25, 0],
						"0.6667": [15, -20, 0],
						"0.7917": [-1.04235, 53.20528, 14.3506],
						"1.0": [-9.54, 53.82, 16.13],
						"1.125": [-11.6, 58.47, 17.25],
						"1.25": [-9.54, 53.82, 16.13],
						"1.4167": [-9.54, 53.82, 16.13],
						"1.75": [0, 0, 0]
					}
				},
				"LeftArm": {
					"rotation": {
						"0.0": [0, 0, 0],
						"0.4583": [-27.5, 0, 0],
						"0.5417": [-29.22, 0, 0],
						"0.6667": [-27.5, 0, 0],
						"0.7917": [-24.78507, -12.31064, -24.78507],
						"1.0": [-24.65, -12.04, -27.3],
						"1.125": [-24.47, -12.78, -29.16],
						"1.25": [-24.65, -12.04, -27.3],
						"1.4167": [-24.65, -12.04, -27.3],
						"1.75": [0, 0, 0]
					}
				},
				"RightArm": {
					"rotation": {
						"0.0": [0, 0, 0],
						"0.4583": [0, 0, 57.5],
						"0.5417": [0, 0, 61.09],
						"0.6667": [0, 0, 57.5],
						"0.7917": [6.15518, -4.29357, 92.26905],
						"1.0": [5.5, -2.48, 104.66],
						"1.125": [5.8, -2.52, 108.38],
						"1.25": [5.5, -2.48, 104.66],
						"1.4167": [5.5, -2.48, 104.66],
						"1.75": [0, 0, 0]
					}
				},
				"RightHeldItem": {
					"rotation": {
						"0.0": [0, 0, 0],
						"0.625": [0, 0, 0],
						"0.7917": [67.09019, 10.28859, 22.90981],
						"1.0": [66.63, 9.16, 17.98],
						"1.125": [70.76, 9.66, 18.8],
						"1.25": [66.63, 9.16, 17.98],
						"1.4167": [66.63, 9.16, 17.98],
						"1.75": [0, 0, 0]
					}
				},
				"RightLeg": {
					"rotation": {
						"0.0": [0, 0, 0],
						"0.5833": [25, -20, 0],
						"0.7917": [-25, 20, 0],
						"1.4583": [-25, 20, 0],
						"1.75": [0, 0, 0]
					}
				},
				"LeftLeg": {
					"rotation": {
						"0.0": [0, 0, 0],
						"0.5833": [-25, -20, 0],
						"0.7917": [25, 20, 0],
						"1.4583": [25, 20, 0],
						"1.75": [0, 0, 0]
					}
				},
				"HeadLookController": {
					"position": {
						"0.0": [0, 0, 0],
						"0.25": [1, 0, 0],
						"1.5": [1, 0, 0],
						"1.75": [0, 0, 0]
					}
				},
				"ArmSwingController": {
					"position": {
						"0.0": [0, 0, 0],
						"0.25": [1, 0, 0],
						"1.5": [1, 0, 0],
						"1.75": [0, 0, 0]
					}
				},
				"BodyRotateController": {
					"position": {
						"0.0": [0, 0, 0],
						"0.25": [1, 0, 0],
						"1.5": [1, 0, 0],
						"1.75": [0, 0, 0]
					}
				},
				"CrouchController": {
					"position": {
						"0.0": [0, 0, 0],
						"0.25": [1, 0, 0],
						"1.5": [1, 0, 0],
						"1.75": [0, 0, 0]
					}
				},
				"SwimController": {
					"position": {
						"0.0": [0, 0, 0],
						"0.25": [1, 0, 0],
						"1.5": [1, 0, 0],
						"1.75": [0, 0, 0]
					}
				}
			}
		}
	}
}