{
	"format_version": "1.8.0",
	"animations": {
		"idle": {
			"loop": true
		},
		"use_halberd": {
			"loop": true,
			"animation_length": 1.75,
			"bones": {
				"RightArm": {
					"rotation": {
						"0.0": [0, 0, 0],
						"0.0833": [-0.72, 0, -5.94],
						"0.1667": [4.43, 0, -21.11],
						"0.25": [13.52, 0, -41.56],
						"0.3333": [24.61, 0, -63.33],
						"0.4167": [35.76, 0, -82.47],
						"0.4583": [45.02, 0, -95],
						"0.5417": [101.1, 0, -95],
						"0.625": [105.95, 0, -95],
						"0.7083": [106.07, 0, -95],
						"0.8333": [105.69, 0, -95],
						"1.25": [96.69, 0, -95],
						"1.75": [0, 0, 0]
					},
					"position": {
						"0.0": [0, 0, 0],
						"0.0833": [-0.46, 0.26, 1.52],
						"0.1667": [-1.09, 0.94, 2.71],
						"0.25": [-1.78, 1.85, 3.53],
						"0.3333": [-2.4, 2.81, 3.95],
						"0.4167": [-2.83, 3.66, 3.91],
						"0.4583": [-2.96, 4.22, 3.39],
						"0.5417": [0.79, 4.22, -9.36],
						"0.625": [1.14, 4.22, -12.45],
						"0.7083": [1.1, 4.22, -14.93],
						"0.8333": [1.04, 4.22, -16.61],
						"1.0417": [1.1, 4.48, -17.75],
						"1.25": [1.04, 4.22, -16.61],
						"1.75": [0, 0, 0]
					}
				}
			}
		},
		"throw_halberd": {
			"loop": true,
			"animation_length": 2.2083,
			"bones": {
				"RightArm": {
					"rotation": {
						"0.0": [90, 0, 0],
						"0.25": [67.5, 0, 0],
						"1.0": [60, 0, 0],
						"1.0833": [150.53, -4.37, -20.4],
						"1.25": [168.63919, -5.24826, -24.47761],
						"1.75": [178.63919, -5.24826, -24.47761],
						"2.2083": [0, 0, 0]
					},
					"position": {
						"0.0": [0, 22, 0],
						"0.25": [0, 20, 8],
						"1.0": [0, 19, 9],
						"1.0833": [11.83, 7, -6.83],
						"1.25": [12, 7, -8],
						"1.75": [12, 7, -8],
						"2.2083": [0, 0, 0]
					}
				}
			}
		},
		"use_machete": {
			"loop": true,
			"animation_length": 1.1667,
			"bones": {
				"RightArm": {
					"rotation": {
						"0.0": [0, 0, 0],
						"0.5": [-12.5, 0, 75],
						"0.5417": [-14.91492, -0.64686, 75.01363],
						"0.75": [-12.5, 0, 75],
						"1.1667": [0, 0, 0]
					},
					"position": {
						"0.0": [0, 0, 0],
						"0.5": [0, 0, -9],
						"0.5417": [0, 0, -7],
						"0.75": [0, 0, -9],
						"1.1667": [0, 0, 0]
					}
				}
			}
		},
		"use_machete_1": {
			"loop": true,
			"animation_length": 2.0833,
			"bones": {
				"RightArm": {
					"rotation": {
						"0.0": [0, 0, 0],
						"0.4167": [-26.56505, 14.47751, -63.43495],
						"0.5": [-8.86, 4.83, 115.52],
						"0.5833": [0, 0, 205],
						"0.6667": [0, 0, 210],
						"0.8333": [0, 0, 205],
						"1.25": [0, 0, 205],
						"1.4167": [165.62, 16.68, 73.39],
						"1.5": [185.19, 17.14, 66.5],
						"1.6667": [165.62, 16.68, 73.39],
						"2.0833": [0, 0, 0]
					},
					"position": {
						"0.0": [0, 0, 0],
						"0.4167": [-2, 0, 0],
						"0.5": [13.67, 13.33, -7.33],
						"0.5833": [17, 20, -11],
						"0.8333": [17, 20, -11],
						"1.25": [17, 20, -11],
						"1.4583": [7, 0, -7],
						"1.5417": [6.25, -1.25, -6.31],
						"1.7083": [7, 0, -7],
						"2.0833": [0, 0, 0]
					}
				}
			}
		},
		"use_shield": {
			"loop": true,
			"animation_length": 1,
			"bones": {
				"RightArm": {
					"rotation": [0, 0, 0],
					"position": {
						"0.0": [0, 0, 0],
						"0.3333": [6, 6, -3],
						"0.375": [6, -4.5, -3],
						"0.5": [6, -8, -3],
						"0.75": [6, -8, -3],
						"1.0": [0, 0, 0]
					}
				},
				"RightHeldItem": {
					"rotation": [0, 0, 0]
				}
			}
		},
		"use_gun": {
			"loop": true,
			"animation_length": 2,
			"bones": {
				"Root": {
					"position": {
						"0.0": [0, 0, 0],
						"0.9583": [0, -0.25, 0],
						"1.125": ["math.sin(query.anim_time*2500)*0.5", "-0.5+math.sin(query.anim_time*1500)*0.5", "math.sin(query.anim_time*3500)*0.5"],
						"1.2917": [0, -0.25, 0],
						"1.5": [0, -0.25, 0],
						"2.0": [0, 0, 0]
					}
				},
				"RightArm": {
					"rotation": {
						"0.0": [0, 0, 0],
						"1.0": [-72.5, 17.5, 0],
						"1.125": [-71.25, 17.5, 0],
						"1.25": [-72.5, 17.5, 0],
						"1.5": [-72.5, 17.5, 0],
						"2.0": [0, 0, 0]
					},
					"position": {
						"0.0": [0, 0, 0],
						"1.0": [6, 0, -2],
						"1.125": [6, -0.5, -2],
						"1.25": [6, 0, -2],
						"1.5": [6, 0, -2],
						"2.0": [0, 0, 0]
					}
				},
				"RightHeldItem": {
					"rotation": {
						"0.0": [0, 0, 0],
						"1.0": [0, 0, 0],
						"1.25": [0, 0, 0],
						"1.5": [0, 0, 0],
						"2.0": [0, 0, 0]
					}
				},
				"LeftArm": {
					"rotation": {
						"0.0": [0, 0, 0],
						"1.0": [0, 0, -10],
						"1.125": [0, 0, -17.5],
						"1.25": [0, 0, -10],
						"1.5": [0, 0, -10],
						"2.0": [0, 0, 0]
					}
				}
			}
		},
		"use_sacred_halberd": {
			"loop": true,
			"animation_length": 1.75,
			"bones": {
				"RightArm": {
					"rotation": {
						"0.0": [0, 0, 0],
						"0.3333": [75, 0, 0],
						"0.5": [57.62441, -61.09544, 29.03199],
						"0.75": [-68.66023, -43.00234, 165.07011],
						"1.0": [-57.5, 0, -131.5],
						"1.1667": [152.5, 0, -118.5],
						"1.375": [152.5, 0, -57.5],
						"1.75": [0, 0, 0]
					},
					"position": {
						"0.0": [0, 0, 0],
						"0.3333": [9, 2, -8],
						"0.5": [17, 15, -8],
						"0.7917": [17, 17, 10],
						"1.0417": [-5, 0, 5],
						"1.1667": [11, 6, -15],
						"1.375": [11, 6, -15],
						"1.75": [0, 0, 0]
					}
				}
			}
		},
		"use_sacred_halberd2": {
			"loop": true,
			"animation_length": 1.5,
			"bones": {
				"CenterOfMass": {
					"rotation": {
						"0.0": [0, 0, 0],
						"0.25": [0, 0, 0],
						"0.3333": [0, 0, 0],
						"0.4583": [0, 0, 0],
						"1.125": [0, 0, 0],
						"1.5": [0, 0, 0]
					},
					"position": {
						"0.0": [0, 0, 0],
						"0.25": [0, 0, 0],
						"0.3333": [0, 0, 0],
						"0.4583": [0, 0, 0],
						"1.125": [0, 0, 0],
						"1.5": [0, 0, 0]
					}
				},
				"Root": {
					"rotation": {
						"0.0": [0, 0, 0],
						"0.25": [0, 0, 0],
						"0.3333": [0, 0.42, 0],
						"0.4583": [0, 0, 0],
						"0.7083": [0, -6.67, 0],
						"0.7917": [0, -40, 0],
						"0.9167": [0, -44.58, 0],
						"1.0": [0, -40, 0],
						"1.125": [0, -40, 0],
						"1.5": [0, 0, 0]
					},
					"position": {
						"0.0": [0, 0, 0],
						"0.125": [0, 0, 0],
						"0.25": [0, -1, 0],
						"0.3333": [0, -1.12, 0],
						"0.4583": [0, -1, 0],
						"1.125": [0, -1, 0],
						"1.3333": [0, -0.19, 0],
						"1.5": [0, 0, 0]
					}
				},
				"RightArm": {
					"rotation": {
						"0.0": [0, 0, 0],
						"0.25": [180, 0, 0],
						"0.3333": [180, -0.16, -0.1],
						"0.4583": [180, 0, 0],
						"0.7083": [120.95, 2.61, 1.66],
						"0.7917": [15.69, 15.67, 9.95],
						"0.9167": [1.21, 17.47, 11.09],
						"1.0": [15.69, 15.67, 9.95],
						"1.125": [15.69, 15.67, 9.95],
						"1.5": [0, 0, 0]
					}
				}
			}
		},
		"use_sacred_halberd3": {
			"loop": true,
			"animation_length": 2.5,
			"bones": {
				"Head": {
					"rotation": {
						"0.0": [0, 0, 0],
						"2.5": [0, 0, 0]
					}
				},
				"Root": {
					"rotation": {
						"1.0": [0, 0, 0],
						"1.1667": [0, -360, 0]
					}
				},
				"RightArm": {
					"rotation": {
						"0.0": [0, 0, 0],
						"0.3333": [75, 0, 0],
						"0.5": [57.62441, -61.09544, 29.03199],
						"0.75": [-68.66023, -43.00234, 165.07011],
						"1.0": [-57.5, 0, -131.5],
						"1.1667": [-120.96, 0, -45.73],
						"1.625": [-140, 0, -20],
						"1.75": [100, 0, -20],
						"2.0": [100, 0, -20],
						"2.5": [0, 0, 0]
					},
					"position": {
						"0.0": [0, 0, 0],
						"0.3333": [9, 2, -8],
						"0.5": [17, 15, -8],
						"0.7917": [17, 17, 10],
						"1.0417": [-5, 0, 5],
						"1.1667": [-5, 17, 5],
						"1.625": [-5, 17, 5],
						"1.75": [5, -4, -12],
						"2.0": [5, -4, -12],
						"2.5": [0, 0, 0]
					}
				}
			}
		},
		"use_ice_broadsword": {
			"loop": true,
			"animation_length": 1.5,
			"bones": {
				"RightArm": {
					"rotation": {
						"0.0": [0, 0, 0],
						"0.0833": [-1.77, 32.87, 23.73],
						"0.1667": [-6.4, 44.21, 43.15],
						"0.25": [-12.89, 53.04, 58.25],
						"0.3333": [-18.24, 59.34, 69.04],