{
	"format_version": "1.8.0",
	"animations": {
		"idle": {
			"loop": true
		},
		"use_halberd": {
			"loop": true,
			"animation_length": 1.75,
			"bones": {
				"RightArm": {
					"rotation": {
						"0.0": [0, 0, 0],
						"0.25": [87.51909, -0.00002, -95.00167],
						"1.5": [87.51909, -0.00002, -95.00167],
						"1.75": [0, 0, 0]
					},
					"position": {
						"0.0": [0, 0, 0],
						"0.25": [-8.95921, 4.21618, 0.39266],
						"1.5": [-8.95921, 4.21618, 0.39266],
						"1.75": [0, 0, 0]
					}
				}
			}
		}
	}
}