{
	"format_version": "1.8.0",
	"animations": {
		"2": {
			"animation_length": 4,
			"bones": {
				"main": {
					"scale": {
						"0.0": [1, 2, 1],
						"2.0": [1, 2, 1]
					}
				},
				"bone": {
					"rotation": {
						"0.0": [14.22197, -1.42019, 2.19967],
						"0.1667": [14.22197, -1.42019, 2.19967]
					},
					"position": {
						"0.0": [0, -1, 0],
						"0.1667": [0, -1, 0]
					},
					"scale": {
						"0.0": [0, 0, 0],
						"0.0833": [0.5, 0.5, 0.5],
						"0.125": [0.75, 0.75, 0.75],
						"0.1667": [0.83, 0.83, 0.83],
						"0.25": [0.85, 0.85, 0.85],
						"0.3333": [0.75, 0.75, 0.75],
						"2.0": [0.75, 0.75, 0.75],
						"2.125": [0.8062, 0.8062, 0.8062],
						"2.25": [0.8462, 0.8462, 0.8462],
						"2.375": [0.8724, 0.8724, 0.8724],
						"2.5": [0.8916, 0.8916, 0.8916],
						"2.625": [0.9063, 0.9063, 0.9063],
						"2.75": [0.9177, 0.9177, 0.9177],
						"2.875": [0.9267, 0.9267, 0.9267],
						"3.0": [0.9338, 0.9338, 0.9338],
						"3.125": [0.9393, 0.9393, 0.9393],
						"3.25": [0.9435, 0.9435, 0.9435],
						"3.375": [0.9465, 0.9465, 0.9465],
						"3.5": [0.9485, 0.9485, 0.9485],
						"3.625": [0.9496, 0.9496, 0.9496],
						"3.75": [0.95, 0.95, 0.95],
						"3.875": [0.8184, 0.8184, 0.8184],
						"4.0": [0, 0, 0]
					}
				},
				"bone2": {
					"rotation": {
						"0.0": [5, 0, 0],
						"0.1667": [5, 0, 0]
					}
				},
				"bone3": {
					"rotation": {
						"0.0": [-10.98779, 8.27996, 9.49352],
						"0.1667": [-10.98779, 8.27996, 9.49352]
					}
				},
				"bone4": {
					"rotation": {
						"0.0": [-13.35447, 4.70358, 6.0705],
						"0.1667": [-13.35447, 4.70358, 6.0705]
					}
				},
				"bone5": {
					"rotation": {
						"0.0": [-5, 0, -15],
						"0.1667": [-5, 0, -15]
					}
				}
			}
		}
	}
}